keyword,count
理财产品,646
基金,622
彩票,360
公司,353
理财,294
报告,233
估值,232
互联网,176
收益率,134
保险业,128
人民币,112
监管,104
金融,97
银行,86
公告,82
保本,81
股票,73
闲置,68
平台,66
养老保险,65
礼包,62
投资者,61
风险,59
业务,57
民生银行,54
停牌,53
产品,53
外汇,52
收益,48
主场,47
走势,41
中国银行,39
商业银行,37
借款人,35
地址,35
保险业务,33
净值,32
期货,32
银行业,32
保险公司,31
保险机构,30
工伤保险,30
福利彩票,30
银监会,29
交易日,29
偿付能力,26
足球彩票,25
交通银行,25
半球,24
行业,24
持有人,24
企业,24
养老,24
航天桥,24
财通,23
存款,23
认购,22
费用,22
科技,22
电话,21
保险产品,21
规模,21
牌照,20
上市公司,20
保险经纪,20
子公司,20
发行量,20
金融机构,19
保险金,19
贷款,19
借款,19
资产,19
机构,18
老年人,18
结构性,18
城乡居民,18
客户,18
赎回,18
保费,18
资金,18
中国,18
销售,17
游戏,17
案件,17
体育彩票,17
医疗保险,16
转型,16
山竹,16
交易,16
创新,16
财政部,16
社会保险费,15
集团,15
保险代理,15
型彩票,15
京东,15
股权,14
人民银行,14
分公司,14
金融业,14
投资人,14
消费者,14
投资,14
保单,14
标题,14
上海银行,13
兴业银行,13
协会,13
本金,13
指南,13
有限公司,13
整治,13
董事长,13
门槛,13
策略,13
股东,13
保险资金,13
深圳,12
信托,12
理财师,12
商业,12
平手,12
仓位,12
申购,12
招商银行,12
上市,12
法院,12
份额,11
海关,11
社会保险,11
智能,11
保险行业,11
调剂,11
阶段性,11
标准,11
过渡期,11
诈骗,11
工作,11
足彩,11
服务,11
深圳市,11
总经理,10
光大银行,10
国务院,10
模式,10
香港,10
试点,10
金融风险,10
财富,10
港股,10
信息,10
余额,9
平均,9
私募,9
违规,9
中信银行,9
费率,9
理赔,9
内地,9
央视网,9
监管部门,9
目标价,9
办法,9
预期,9
建议,9
北京市,8
期权,8
旗下,8
开户,8
男子,8
支行,8
净利润,8
中奖号码,8
失业,8
征求意见,8
时间,8
贫困人口,8
太平,8
责任保险,8
台风,8
李某,8
合作,8
布局,8
委员会,8
纠纷,8
概念股,8
信用,8
规范,8
重点,8
中央,8
融资,7
征收,7
疫苗,7
广告,7
董事会,7
宁夏,7
数字,7
自律,7
交通事故,7
大赛,7
股票投资,7
人寿,7
债券,7
商业保险,7
变更,7
养老金,7
安邦,7
保险柜,7
配比,7
车险,7
趋势,7
北京,7
全国,7
限额,7
华夏,7
时代,7
变相,7
小数,7
天然橡胶,7
蓝皮书,7
债权,7
美国,7
现金,7
外资,7
大数,7
证券,7
同比增加,7
客户服务,6
健康险,6
安徽,6
号码,6
通关,6
广东省,6
海南,6
养老保险费,6
陈文辉,6
悬赏,6
实施方案,6
特朗普,6
比赛,6
公益金,6
补贴,6
情况,6
净流入,6
平安,6
京津冀,6
宁波,6
金融服务,6
乱象,6
英超,6
指数,6
国际,6
职工基本,6
债务,6
农村,6
通知,6
江苏,6
民政部,6
老人,6
人寿保险,6
李克强,6
月份,6
券商,6
涨停,6
期限,6
扶贫,6
封闭式,6
场景,6
护理,6
农业,6
组合,6
内蒙古,6
阿里巴巴,6
半年报,6
农产品,6
罚单,6
奖金,6
额度,6
非标,6
信用卡,6
盈利,6
市场,6
联系人,6
信托公司,6
上线,6
项目,6
骗局,5
生效,5
预防接种,5
分红,5
意见,5
球失,5
意甲,5
发展,5
金融市场,5
新能源,5
技术,5
苹果,5
消费,5
决定书,5
生态,5
普惠,5
人身保险,5
医疗保健,5
登记,5
支付宝,5
双色球,5
分析师,5
贫困地区,5
量化,5
收购,5
友邦保险,5
座谈会,5
中央财政,5
细则,5
支付,5
友谊赛,5
增聘,5
投诉,5
定额,5
银保监,5
公约,5
误区,5
受害人,5
宝宝,5
易方达,5
新疆,5
委托,5
汽车,5
天津,5
阿尔法,5
上海,5
证券公司,5
人工智能,5
广东,5
农民,5
投资收益,5
许可证,5
投保人,5
郭树清,5
手机,5
保险费,5
财险,5
规则,5
交易所,5
业绩,4
战略,4
债务人,4
农户,4
借贷,4
战绩,4
外资银行,4
催收,4
英国,4
珠联璧合,4
代币,4
年龄,4
警方,4
当事人,4
重庆,4
居民,4
江苏省,4
公安部,4
合晖,4
资本,4
季度,4
华夏银行,4
周报,4
主营业务,4
股份,4
资金运用,4
中心,4
先锋,4
财政,4
主题,4
监督管理,4
多因子,4
医疗,4
加银,4
流动性,4
一等奖,4
业内人士,4
浦发银行,4
北京分行,4
持有,4
保险箱,4
能力,4
寿险,4
双录,4
吴晓灵,4
误导,4
龙头企业,4
债转股,4
专属,4
一览,4
降幅,4
长三角,4
德甲,4
重庆市,4
供应链,4
首要任务,4
上海市,4
小额,4
国家,4
刘某,4
抚恤金,4
宣传日,4
成都,4
民生,4
投资规模,4
基本面,4
财务,4
功能,4
产业,4
淮安,4
论坛,4
寿光,4
中关村,4
广州,4
缴费,4
女士,4
用户,4
研究院,4
同花顺,4
注册,4
会员,4
法律法规,4
新兴产业,4
关税,4
拉升,4
迅雷,4
刘先生,4
社会保障,4
海洋生物,4
金额,4
概念,4
板块,4
办理,4
职工,4
法治,4
科技股份,4
征信,4
法甲,4
待遇,4
受访者,4
证券日报,4
本场,4
杠杆,4
司法,4
成本法,3
运营,3
车辆,3
太原,3
民警,3
学校,3
犯罪,3
高端,3
大地,3
保险制度,3
钱袋子,3
周小川,3
百度,3
钱包,3
净利,3
合同,3
从业者,3
名义,3
机器人,3
赔率,3
网站,3
写字楼,3
暂行办法,3
深度,3
中欧,3
能源,3
评级,3
姚余栋,3
股票指数,3
入市,3
计划,3
处置,3
年终奖,3
属性,3
商务区,3
租房,3
机制,3
黄金,3
长安,3
渠道,3
大棚,3
手续费,3
中国工商银行,3
落地,3
记者,3
事故,3
农业银行,3
产业园,3
玉米,3
陷阱,3
股市,3
住院,3
逻辑,3
李女士,3
宝马,3
亚洲,3
品牌,3
零售,3
监测,3
长效机制,3
中国人民银行,3
风险管理,3
排行榜,3
支柱,3
负债,3
整改,3
代理人,3
韩国,3
事件,3
总书记,3
消费信贷,3
老赖,3
统计,3
南宁,3
宣传,3
专委会,3
业态,3
制度,3
管理费,3
资质,3
保险人,3
榜单,3
顾卫平,3
大学生,3
农民工,3
存量,3
镇江,3
发布公告,3
实验室,3
安联,3
资金面,3
财产险,3
保险市场,3
议案,3
健康,3
准备金,3
人身险,3
新格局,3
得利,3
透明度,3
抵押物,3
意外险,3
秘书长,3
储蓄,3
环境污染,3
嫌疑人,3
宏观,3
德国,3
提示,3
阳光计划,3
复印件,3
朋友,3
网络,3
招商,3
保证金,3
支公司,3
初值,3
银河证券,3
王先生,3
辽宁省,3
青海,3
成本,3
汇率,3
巨头,3
痛点,3
数量,3
被告人,3
文化,3
交手,3
个股,3
回顾,3
托管,3
佣金,3
受托人,3
投注,3
中国民生银行,3
财年,3
账户,3
外汇市场,3
电商,3
持仓,3
募集,3
老师,3
团队,3
救助,3
白皮书,3
清盘,3
中金,3
服务商,3
折算,3
视频,3
银屏,3
升至,3
建设项目,3
昆仑,3
基础设施,3
挪威,3
执行,3
改革,3
方式,3
配售,3
增资,3
发布,3
传销,3
数据,3
均值,3
原油,3
改进,3
对冲,3
工伤,3
保险法,3
农村金融,3
档次,2
意大利,2
物流,2
权益,2
年金,2
福布斯,2
税务总局,2
人员,2
强势,2
副会长,2
资助,2
国家队,2
成立,2
社保费,2
店主,2
中华网,2
惩戒,2
海淀区,2
航班,2
博时基金,2
副行长,2
备忘录,2
统筹,2
公益事业,2
举报,2
利率,2
人力资源,2
结余,2
草根,2
决议,2
兵团,2
推出,2
成交量,2
核验,2
小盘,2
副总裁,2
人才,2
监察,2
续保,2
条款,2
华尔街,2
验收,2
长生,2
子女,2
保障型,2
双保险,2
下降,2
副部长,2
线下,2
印章,2
业务员,2
点金,2
中奖者,2
湖南省,2
乡村,2
进出口,2
地区,2
模型,2
办案,2
盈米,2
博览会,2
阿里,2
青少年,2
全区,2
管理中心,2
线索,2
游客,2
金融学,2
机会,2
国际化,2
苏州,2
白银,2
加码,2
生态圈,2
澳洲,2
昌乐县,2
共享,2
扣款,2
历史,2
顺客,2
专家,2
假彩票,2
专项,2
人生,2
终端机,2
政策,2
汇总,2
特色,2
营运,2
大病,2
冰点,2
贴水,2
中信证券,2
天津市,2
英冠,2
底线,2
阶段,2
核心,2
阳泉,2
珠海,2
渣打银行,2
阳泉市,2
贵阳市,2
零距离,2
银联,2
蘑菇,2
集体,2
存管,2
升级,2
建行,2
密码,2
四川省,2
销售量,2
农村公路,2
预计,2
长白山,2
加拿大,2
传媒,2
信息技术,2
电梯,2
价格,2
投融资,2
领域,2
创业板,2
公众,2
报告期,2
吉林省,2
旅游,2
防范,2
涨乐,2
大湾,2
涨幅,2
家庭,2
交易平台,2
兰州市,2
质效,2
智库,2
发行价,2
链克,2
会议,2
参保,2
信用合作,2
心态,2
兴业,2
青岛,2
热点,2
住所,2
易宝,2
产险,2
被害人,2
新西兰,2
规范化,2
遭遇,2
出售,2
样本,2
南京,2
辉山,2
贵金属,2
医疗险,2
营销员,2
职责,2
集资,2
系统,2
黄浦区,2
长城,2
势头,2
哈尔滨,2
走强,2
累计,2
标准化,2
摊余,2
澎湃,2
行政处罚,2
用友,2
现金管理,2
上涨,2
印尼,2
雅加达,2
红黑榜,2
提供,2
业协会,2
江西,2
实业,2
有序,2
尚福林,2
潍坊市,2
市值,2
行情,2
波动性,2
反洗钱,2
研究员,2
暴雨,2
泰国,2
现场,2
原作者,2
有利于,2
被告,2
政府,2
张某,2
调研,2
中证报,2
新华社,2
道德风险,2
课程,2
省份,2
中资,2
合金,2
沈阳市,2
柏瑞,2
混合,2
资金来源,2
东海,2
榆林,2
装备,2
本质,2
下跌,2
佛山,2
调查,2
安保,2
汕头,2
年度,2
月度,2
红土,2
监委,2
重仓股,2
政策性,2
小幅,2
人民法院,2
总裁,2
日本,2
挂牌,2
医药行业,2
人群,2
乡镇,2
太平洋,2
巴西人,2
红岭,2
全球,2
瑞盛,2
按计划,2
优势,2
工作人员,2
张女士,2
峰会,2
异地,2
货币,2
大额,2
研讨会,2
永赢,2
关键,2
棉花,2
管理,2
河南,2
身故,2
发债,2
司法解释,2
美欣达,2
行业协会,2
沈阳,2
滴滴,2
厦门市,2
赔付,2
蓝海,2
制种,2
中兴通讯,2
对照表,2
修改,2
长沙市,2
汽车保险,2
流程,2
细分,2
买入,2
王女士,2
亏损,2
维权,2
充足率,2
连续,2
陕西,2
无锡,2
政务,2
儿童,2
巴西,2
澳门,2
欺诈,2
红包,2
信诚,2
电子,2
马拉松,2
涪陵,2
增速,2
营销,2
清仓,2
日本政府,2
退休金,2
分布式,2
银河,2
里昂,2
山东,2
普益,2
贷款人,2
小康家庭,2
彩民,2
延保,2
申银万国,2
黑名单,2
保护,2
合约,2
陈某,2
风口,2
精选,2
关联方,2
体育局,2
云天化,2
陕西省,2
高息,2
湖北,2
金服,2
副总经理,2
娱乐,2
协议,2
成都市,2
保姆,2
策略师,2
厦门,2
绿色,2
法律,2
购买,2
牵手,2
广西,2
金融界,2
福建省,2
国务院办公厅,1
证券化,1
宜人,1
高新区,1
骗子,1
订购,1
架构,1
北京大学,1
教育,1
商学院,1
张家界市,1
官网,1
王健林,1
计算机行业,1
洽谈会,1
思维,1
县政府,1
光泽,1
文化产业,1
信贷,1
反弹,1
怕老婆,1
台湾,1
银行业务,1
胜负,1
审批,1
村民,1
星河,1
贵安,1
黄斌,1
文章,1
网友,1
部门,1
买单,1
首旅,1
酒店,1
昆明,1
回家,1
揭幕战,1
东旭,1
总成本,1
交易员,1
楚江,1
外向,1
红相,1
外商,1
天然气,1
风车,1
过程,1
投票,1
芙蓉区,1
股票市场,1
现货,1
顺德,1
摘要,1
业务管理,1
分级,1
欧洲,1
杨凯玮,1
徐复,1
拉锯战,1
啤酒,1
出境游,1
证据,1
傅友兴,1
农商,1
海利,1
通润,1
皖江,1
召集人,1
阻力位,1
均线,1
安铮,1
红韵,1
冷态,1
英斯,1
爱心,1
孙某,1
王五,1
马某,1
前行,1
民政部门,1
对子,1
老区,1
两球,1
瓷砖,1
社会福利,1
交锋,1
朱国明,1
公益,1
死穴,1
电视,1
运作,1
龙辉,1
招利,1
体彩,1
杭州,1
现货交易,1
契约型,1
债市,1
报告会,1
凤凰,1
升值,1
加利,1
合川,1
武汉,1
元票,1
中国证监会,1
长荣,1
防线,1
张小雷,1
马德伦,1
通道,1
评价,1
德意志银行,1
王雅君,1
专区,1
季末,1
汇丰银行,1
国泰君安证券股份有限公司,1
申某,1
专享,1
连云港,1
本源,1
安全性,1
白云山,1
张大妈,1
邓双梅,1
锡林郭勒盟,1
经济日报,1
正本清源,1
集中度,1
底层,1
杨凯生,1
招行,1
福建,1
支票,1
民贷,1
赢球,1
浙江省,1
回应,1
知识产权,1
压力,1
金法,1
核实,1
私行,1
泰州,1
验证码,1
投注站,1
六盘水,1
药业,1
误操作,1
创星,1
迎新年,1
潘东,1
国有银行,1
电缆,1
四川,1
金地,1
小阳春,1
员工,1
吉林,1
单笔,1
视觉,1
松绑,1
内幕消息,1
短板,1
同业公会,1
雷科,1
转让,1
匹配,1
效应,1
媒体报道,1
加盟,1
特力,1
机械,1
神州,1
制造业,1
结构化,1
鞋业,1
红蜻蜓,1
全国性,1
水表,1
漳州,1
母亲,1
永川,1
接口,1
投资信托,1
水产,1
投资决策,1
蔗农,1
调整机制,1
中国保监会,1
唐山市,1
路北区,1
中数,1
现价,1
社会,1
最低标准,1
刘姝威,1
黑龙江省,1
赔审员,1
白血病,1
张师傅,1
出资,1
周口市,1
牧民,1
遗落,1
年报,1
软银,1
协商,1
青岛市,1
安阳市,1
和静县,1
停车场,1
收入,1
工程,1
服务网,1
实习期,1
银鸽,1
无人驾驶,1
诈骗罪,1
唐人街,1
董事,1
续期,1
沃尔玛,1
罚款,1
审核,1
保民,1
中国电信,1
甜橙,1
高速公路,1
警惕,1
高密市,1
营口港,1
社会保障部,1
技能,1
魏平贵,1
战略部署,1
新出路,1
农银,1
宣传部,1
公款,1
办公室,1
云浮市,1
赔款,1
黄骅,1
镇赉县,1
征地,1
股权结构,1
国任,1
南京城,1
项俊波,1
福利,1
跨境,1
火灾,1
庞大,1
触角,1
奔驰车,1
医养,1
乌鲁木齐市,1
南卡罗来纳州,1
破除,1
加快,1
医学中心,1
偏差,1
履约,1
黄河,1
管理条例,1
正畸,1
牙齿,1
卖家,1
文明单位,1
符合规定,1
咸阳,1
损失,1
费改,1
加权,1
团体,1
经纬,1
垫付,1
交易中心,1
车损险,1
缴税,1
秘书,1
产业链,1
福州,1
发展期,1
森林,1
密度,1
反间谍,1
福州市,1
横县,1
新加坡,1
受托,1
电动车,1
篮球,1
北京站,1
伯克,1
希尔,1
拉客,1
上海海关,1
设立,1
疑犯,1
湖南,1
国资,1
福清市,1
故障,1
生肖,1
伤害,1
诱导,1
韩政府,1
热情,1
负责人,1
营业部,1
陈东升,1
唐良智,1
崔先生,1
宜宾,1
李乐,1
注册资本,1
保障机制,1
棋局,1
申请,1
演说家,1
阜康市,1
新药,1
津巴布韦,1
松原,1
警告,1
团伙,1
闵行,1
九州,1
强化,1
质量,1
耕地,1
梁某,1
股价,1
物种,1
濮阳,1
治安,1
墨江,1
直通车,1
马拉松赛,1
净亏损,1
保全,1
保险套,1
研修班,1
政法委,1
稳岗,1
奇葩,1
裁员,1
窗口期,1
半拉子,1
校方,1
旅行者,1
家贼,1
劲球,1
涉恶,1
覆盖,1
常熟市,1
榜首,1
任职,1
态势,1
大手笔,1
资格,1
认证,1
渝中区,1
建筑材料,1
贵州省,1
犯罪团伙,1
图说,1
自融,1
商务,1
正源,1
高鹏,1
归母,1
打击,1
李爱君,1
专报,1
企业家,1
俱乐部,1
票据,1
个人账户,1
要务,1
措施,1
派出所,1
招股书,1
萧山,1
南昌,1
微言,1
财富网,1
张家界,1
合作伙伴,1
利息,1
嘉宾,1
李麟,1
张栋,1
直线,1
胡滨,1
表弟,1
楼市,1
驱动力,1
土地,1
流转,1
传统,1
穿透,1
博鳌,1
网筹,1
精神,1
庾力,1
伏安,1
真金,1
建设银行,1
倍增,1
下半场,1
防城港市,1
卡洛斯,1
总评榜,1
下线,1
郎咸平,1
舒赵平,1
发力,1
朗迪,1
市工商局,1
黄奇帆,1
深圳大学,1
理事会,1
苏宁,1
资产重组,1
颁奖典礼,1
人脸识别,1
梅花,1
要素,1
侯书军,1
开票,1
魏紫川,1
紫金,1
晓风,1
高调,1
国字号,1
麦子,1
长沙,1
变革,1
电影,1
爆发,1
高峰论坛,1
满天飞,1
泽州,1
东北亚,1
贺强,1
示范区,1
普文,1
茶业,1
主席,1
看点,1
公安机关,1
全国政协,1
跨界,1
刘明康,1
定义,1
工程师,1
妻子,1
芝麻,1
祥源,1
叶某,1
险种,1
微易,1
经纪,1
牛妹,1
定心丸,1
兰陵,1
平安保险,1
投保,1
云南省,1
凭证,1
黑土地,1
讲座,1
志愿,1
电科,1
编报,1
通安,1
卖菜,1
吉林大学,1
钱财,1
暂领,1
脱贫,1
赵某,1
便利化,1
水稻,1
商业贷款,1
南阳市,1
期交,1
哈特,1
迈克尔,1
五指山市,1
境外游,1
旋涡,1
图谱,1
人士,1
储存,1
天安门,1
脐带血,1
临汾,1
南宁市,1
通用电气,1
自治区,1
医院,1
香港政府,1
分类,1
恒昌,1
筹款,1
史带,1
潍坊,1
白沙县,1
灵犀,1
兴山,1
污名,1
清理,1
无证,1
参与者,1
体育,1
走高,1
认可度,1
消费市场,1
刘羿,1
订立,1
云游,1
入库,1
省区市,1
凡普,1
科学决策,1
萧萧,1
自查,1
受益人,1
旅行社,1
新机制,1
积极探索,1
自燃,1
中性,1
徐州,1
创新型,1
出台,1
科技类,1
培训班,1
金条,1
儿子,1
中纪委,1
独立性,1
永安,1
郑商所,1
人民网,1
材料,1
保险合同,1
补偿,1
内幕,1
瑞典,1
植信,1
租用,1
开源,1
螺纹钢,1
中国联通,1
新丝路,1
常识,1
柜台,1
港币,1
徐治彪,1
发行,1
指引,1
建材,1
宣亚,1
潘龙玲,1
头号,1
富国,1
季报,1
效率,1
中登,1
祁连山,1
新低,1
胡先生,1
产品设计,1
说明书,1
草稿,1
岗位,1
投研,1
价格指数,1
买者,1
类产品,1
天府,1
高希,1
答题,1
上海交通大学,1
创业者,1
国债,1
宽度,1
完善,1
相关,1
热度,1
亚马逊,1
陈晓阳,1
讲故事,1
报名,1
总资产,1
亮眼,1
新债,1
宝石,1
有钱人,1
美国银行,1
特斯拉,1
财产,1
吉恩,1
公司股票,1
中庚,1
半程,1
文体,1
王华,1
责任编辑,1
增长率,1
北美,1
东方红,1
抱团,1
李本刚,1
经济,1
来源,1
东吴,1
比例,1
深港,1
新动力,1
双核,1
周文群,1
闪崩,1
赎回费,1
人名册,1
离职,1
流出,1
俄罗斯,1
高位,1
资金量,1
制定,1
分析报告,1
单日,1
咏梅,1
做好,1
信息化,1
惠农,1
网销,1
排查,1
犯罪案件,1
巡查,1
护法,1
金交,1
利己主义,1
首钢,1
科技化,1
电信,1
金融危机,1
安康,1
洗牌,1
智能化,1
中南,1
试运营,1
东莞,1
身份,1
目标,1
达沃斯,1
欠薪,1
框架,1
华人,1
全球化,1
入股,1
中金公司,1
福田区,1
审判庭,1
坏账,1
交易额,1
国家标准,1
仲裁,1
长效,1
总额,1
领导小组,1
民工,1
安全局,1
基金会,1
凌云,1
玩家,1
厂商,1
破五,1
中国政府,1
严格执行,1
检查,1
小组,1
按金,1
温州,1
市场准入,1
基础,1
郑州,1
存续,1
中电,1
河南省,1
分行,1
瑞士,1
合肥,1
中介机构,1
个人信息,1
无序,1
退出,1
金融信息,1
原理,1
本合同,1
外流,1
处方,1
坏人,1
部署,1
外衣,1
服务平台,1
协会会长,1
金管局,1
突破点,1
贵阳,1
市委,1
依法,1
化学,1
配置,1
老板娘,1
优服,1
盛宴,1
宝付,1
保健食品,1
富人,1
弘毅,1
代客,1
借钱,1
定律,1
回报率,1
柚子,1
掌悦,1
徐家汇,1
押宝,1
心理,1
致力于,1
期待,1
幻想,1
早餐,1
北京东方,1
高学历,1
过桥,1
国际金融报,1
众禄,1
百姓,1
大成,1
原告,1
施某,1
中非,1
郭大爷,1
达人,1
业务人员,1
吴先生,1
法制办,1
报案,1
首选,1
停售,1
飓风,1
闫振杰,1
财商,1
培训,1
科技股,1
美女,1
不确定性,1
雪球,1
需谨慎,1
压缩机,1
惠而浦,1
魔方,1
信任,1
陈先生,1
联璧,1
方案,1
花生,1
金牌,1
冻结,1
成年人,1
招数,1
亏损面,1
银行存款,1
民间,1
陌生,1
李嘉诚,1
九牧王,1
笔者,1
受骗者,1
姓名,1
普通人,1
肖庆军,1
代理商,1
中山,1
消失,1
事主,1
直播,1
文字,1
语音,1
普通家庭,1
名单,1
蓄水池,1
通俗,1
自选股,1
王建峰,1
郏县,1
共振,1
令人,1
富士康,1
离岸,1
医药,1
典型,1
购入,1
总值,1
订阅,1
差价,1
交易量,1
新加坡元,1
阿根廷,1
德拉吉,1
波动,1
默克尔,1
衍生品,1
区间,1
欧洲央行,1
出彩,1
失望,1
修订,1
动力,1
王筱苓,1
巴菲特,1
医疗器械,1
担忧,1
相当于,1
熊市,1
燕紫真,1
曹中铭,1
持股,1
结果显示,1
旭东,1
减少,1
丑闻,1
东方航空,1
消费类,1
热卖,1
胡东健,1
欧佩克,1
财长,1
贸易,1
方法,1
平衡点,1
报喜鸟,1
文物,1
清算组,1
管理层,1
银行家,1
承诺,1
主业,1
吴晓波,1
市民,1
路演,1
用途,1
海蓝,1
洪磊,1
基金业,1
老百姓,1
澄清,1
定价权,1
低点,1
王权,1
终值,1
服务业,1
圆通,1
原油期货,1
加载,1
刘传州,1
交易商,1
技巧,1
清单,1
赌博,1
涉房,1
学会,1
女人,1
外汇业务,1
实需,1
程序,1
深山,1
负增长,1
体验,1
会长,1
销售点,1
蚂蚁,1
效期,1
课题,1
审计部,1
监事会,1
劳动力,1
调解员,1
调解,1
被保险人,1
中国农业银行,1
司机,1
养殖户,1
保险单,1
重庆市政府,1
农作物,1
大豆,1
马秋菊,1
价值,1
职能,1
时任,1
华润集团,1
养老险,1
山西,1
国家税务总局,1
达孜,1
区法院,1
骚扰电话,1
杭州市,1
报送,1
上海地区,1
农房,1
现场会,1
技术装备,1
独家,1
金融类,1
特派办,1
单核,1
性能,1
保护伞,1
开车,1
兰州,1
莱阳,1
杨明生,1
事业单位,1
主粮,1
救人,1
砸坏,1
泉港区,1
回购,1
北分,1
延庆,1
财产保险,1
博会,1
沙特,1
公主,1
那曲,1
白水县,1
单位,1
劳动者,1
女儿,1
开发区,1
养车,1
长江路,1
考察团,1
访客,1
入选,1
营业,1
杀跌,1
询问,1
专题,1
录音,1
定边县,1
主持人,1
防贫,1
平均工资,1
核武器,1
骗保,1
荷兰,1
出席,1
市政府,1
共青团中央,1
邵阳县,1
全疆,1
挪用,1
灾害,1
绿色通道,1
骨髓库,1
履职,1
少年宫,1
书报亭,1
欧冠,1
执委,1
闽侯,1
兑奖,1
高校,1
西西里,1
贫困户,1
实名,1
实名制,1
非法手段,1
老客户,1
沂水县,1
大讲堂,1
华联,1
奖得主,1
两码,1
位彩民,1
工人,1
场次,1
夫妻,1
球数,1
用于,1
夏令营,1
沈某,1
存单,1
瓜拉尼,1
戈亚尼,1
马先生,1
古迹,1
法国,1
文化遗产,1
银保,1
谈判,1
药品,1
经济负担,1
琼山,1
顺昌县,1
渔业,1
英雄,1
安丘,1
甘肃,1
庆阳,1
贵德,1
泸州,1
好玩,1
大爷,1
西双版纳,1
洗钱,1
吕梁,1
保交链,1
银联卡,1
商户,1
总收入,1
北京海关,1
表现,1
纪检监察,1
辽宁,1
种粮,1
江都,1
被执行人,1
核准,1
黔江,1
桑蚕,1
初盘,1
中资银行,1
医疗机构,1
沃尔夫斯堡,1
安达,1
振幅,1
切尔西,1
海城市,1
护航,1
建筑业,1
用人单位,1
涉资,1
舆情,1
发放贷款,1
税收,1
女生,1
底数,1
粤港澳,1
美色,1
行长,1
马蔚华,1
派生,1
大圣,1
发起,1
设备,1
时报,1
港资,1
数字化,1
艾萨卡,1
迪拜,1
陈生强,1
台州,1
公积金,1
行业龙头,1
申请人,1
套路,1
巴基斯坦,1
微民,1
监测数据,1
创业,1
安徽省,1
王忠民,1
网络平台,1
博物馆,1
鄂汇,1
常州,1
董骏,1
新乡,1
钢铁公司,1
新锐,1
公寓,1
放贷,1
席位,1
鲲鹏,1
厚生,1
实力,1
盲目,1
开盘,1
合众,1
房山区,1
接入,1
雷杰,1
职业资格,1
金稳委,1
案例,1
出路,1
实体,1
信号,1
所在国,1
关键期,1
马化腾,1
回升,1
服务中心,1
管控,1
参展者,1
点名,1
丽泽,1
刘胜军,1
预付卡,1
杨军,1
校园,1
夏杰长,1
长尾,1
跌停,1
次新股,1
健全,1
腾安,1
大会,1
客币,1
继续加强,1
二手车,1
毒瘤,1
暴力,1
地方,1
王瑞鸿,1
电视电话会议,1
边际,1
西安,1
输出,1
留痕,1
交通,1
电池,1
建设工程,1
主力军,1
金融资产,1
货物,1
津贴,1
婴幼儿,1
税务机关,1
铂金,1
传导,1
劳务费,1
新闻,1
油气,1
中铁,1
豆包,1
解决方案,1
张建华,1
海峡,1
农业局,1
津市市,1
保额,1
保障,1
惠民,1
锦旗,1
理念,1
凸显,1
开学,1
食品,1
重塑,1
经营性,1
福寿园,1
客群,1
饭店,1
老夫妻,1
划转,1
规制,1
丹阳,1
环境,1
委托方,1
中新,1
小剧场,1
环球,1
经纪人,1
购房,1
零首付,1
商会,1
落户,1
仁瑞,1
质押,1
高度,1
首付,1
公开市场,1
信用风险,1
私有化,1
偿还,1
东英,1
农信社,1
海象,1
林毅夫,1
爱德华兹,1
套取,1
友邦,1
贝克汉姆,1
常德市,1
宁东,1
呼和浩特,1
评论,1
车猫,1
住房,1
联合,1
搭售,1
默认,1
青松,1
厦门信达,1
浙富,1
两翼,1
